{
    "name": "root",
    "gauges": {
        "MonsterHunter1.Policy.Entropy.mean": {
            "value": 1.423342227935791,
            "min": 1.423342227935791,
            "max": 1.4415611028671265,
            "count": 10
        },
        "MonsterHunter1.Policy.Entropy.sum": {
            "value": 71253.9375,
            "min": 71012.8125,
            "max": 73819.4609375,
            "count": 10
        },
        "MonsterHunter1.Step.mean": {
            "value": 1499960.0,
            "min": 1049964.0,
            "max": 1499960.0,
            "count": 10
        },
        "MonsterHunter1.Step.sum": {
            "value": 1499960.0,
            "min": 1049964.0,
            "max": 1499960.0,
            "count": 10
        },
        "MonsterHunter1.Policy.ExtrinsicValueEstimate.mean": {
            "value": 1.5582016706466675,
            "min": 1.3330096006393433,
            "max": 1.7854629755020142,
            "count": 10
        },
        "MonsterHunter1.Policy.ExtrinsicValueEstimate.sum": {
            "value": 1257.46875,
            "min": 1073.07275390625,
            "max": 1456.937744140625,
            "count": 10
        },
        "MonsterHunter1.Environment.EpisodeLength.mean": {
            "value": 1030.2553191489362,
            "min": 761.3731343283582,
            "max": 1158.1666666666667,
            "count": 10
        },
        "MonsterHunter1.Environment.EpisodeLength.sum": {
            "value": 48422.0,
            "min": 33332.0,
            "max": 56369.0,
            "count": 10
        },
        "MonsterHunter1.Environment.CumulativeReward.mean": {
            "value": 144.0212765957447,
            "min": 124.45098039215686,
            "max": 156.53658536585365,
            "count": 10
        },
        "MonsterHunter1.Environment.CumulativeReward.sum": {
            "value": 6769.0,
            "min": 5204.0,
            "max": 9528.0,
            "count": 10
        },
        "MonsterHunter1.Policy.ExtrinsicReward.mean": {
            "value": 144.0212765957447,
            "min": 124.45098039215686,
            "max": 156.53658536585365,
            "count": 10
        },
        "MonsterHunter1.Policy.ExtrinsicReward.sum": {
            "value": 6769.0,
            "min": 5204.0,
            "max": 9528.0,
            "count": 10
        },
        "MonsterHunter1.Losses.PolicyLoss.mean": {
            "value": 0.017022035753244482,
            "min": 0.014472652963013387,
            "max": 0.018970888422336428,
            "count": 10
        },
        "MonsterHunter1.Losses.PolicyLoss.sum": {
            "value": 0.05106610725973344,
            "min": 0.028945305926026774,
            "max": 0.053208628869712504,
            "count": 10
        },
        "MonsterHunter1.Losses.ValueLoss.mean": {
            "value": 3.24514193005032,
            "min": 2.497025712331136,
            "max": 4.131247766812642,
            "count": 10
        },
        "MonsterHunter1.Losses.ValueLoss.sum": {
            "value": 9.73542579015096,
            "min": 4.994051424662272,
            "max": 12.393743300437926,
            "count": 10
        },
        "MonsterHunter1.Policy.LearningRate.mean": {
            "value": 2.6797648802222193e-06,
            "min": 2.6797648802222193e-06,
            "max": 4.684691876876666e-05,
            "count": 10
        },
        "MonsterHunter1.Policy.LearningRate.sum": {
            "value": 8.039294640666658e-06,
            "min": 8.039294640666658e-06,
            "max": 0.00011285442476386667,
            "count": 10
        },
        "MonsterHunter1.Policy.Epsilon.mean": {
            "value": 0.10178644444444447,
            "min": 0.10178644444444447,
            "max": 0.1312312333333333,
            "count": 10
        },
        "MonsterHunter1.Policy.Epsilon.sum": {
            "value": 0.3053593333333334,
            "min": 0.21041766666666673,
            "max": 0.3752361333333334,
            "count": 10
        },
        "MonsterHunter1.Policy.Beta.mean": {
            "value": 9.914357777777766e-05,
            "min": 9.914357777777766e-05,
            "max": 0.0015684385433333333,
            "count": 10
        },
        "MonsterHunter1.Policy.Beta.sum": {
            "value": 0.00029743073333333297,
            "min": 0.00029743073333333297,
            "max": 0.0037842830533333332,
            "count": 10
        },
        "MonsterHunter1.IsTraining.mean": {
            "value": 1.0,
            "min": 1.0,
            "max": 1.0,
            "count": 10
        },
        "MonsterHunter1.IsTraining.sum": {
            "value": 1.0,
            "min": 1.0,
            "max": 1.0,
            "count": 10
        }
    },
    "metadata": {
        "timer_format_version": "0.1.0",
        "start_time_seconds": "1713462483",
        "python_version": "3.9.0 (tags/v3.9.0:9cf6752, Oct  5 2020, 15:34:40) [MSC v.1927 64 bit (AMD64)]",
        "command_line_arguments": "E:\\UnityProject\\MachineLearning\\virutal_env\\Scripts\\mlagents-learn config\\MonsterHunter2.yaml --run-id MonsterHunterConfig2 --resume",
        "mlagents_version": "0.30.0",
        "mlagents_envs_version": "0.30.0",
        "communication_protocol_version": "1.5.0",
        "pytorch_version": "2.2.1+cu118",
        "numpy_version": "1.21.2",
        "end_time_seconds": "1713462914"
    },
    "total": 431.12579580000005,
    "count": 1,
    "self": 0.005814500000042244,
    "children": {
        "run_training.setup": {
            "total": 0.07382669999999991,
            "count": 1,
            "self": 0.07382669999999991
        },
        "TrainerController.start_learning": {
            "total": 431.0461546,
            "count": 1,
            "self": 0.28197679999800584,
            "children": {
                "TrainerController._reset_env": {
                    "total": 33.5366399,
                    "count": 1,
                    "self": 33.5366399
                },
                "TrainerController.advance": {
                    "total": 397.144169600002,
                    "count": 13992,
                    "self": 0.2905995000060102,
                    "children": {
                        "env_step": {
                            "total": 293.9961482999964,
                            "count": 13992,
                            "self": 251.70063590000106,
                            "children": {
                                "SubprocessEnvManager._take_step": {
                                    "total": 42.13716269999663,
                                    "count": 13992,
                                    "self": 0.8479435999956308,
                                    "children": {
                                        "TorchPolicy.evaluate": {
                                            "total": 41.289219100001,
                                            "count": 13545,
                                            "self": 41.289219100001
                                        }
                                    }
                                },
                                "workers": {
                                    "total": 0.15834969999868065,
                                    "count": 13992,
                                    "self": 0.0,
                                    "children": {
                                        "worker_root": {
                                            "total": 399.28192810000195,
                                            "count": 13992,
                                            "is_parallel": true,
                                            "self": 168.92836030000478,
                                            "children": {
                                                "steps_from_proto": {
                                                    "total": 0.0018959999999985655,
                                                    "count": 1,