{
    "name": "root",
    "gauges": {
        "MonsterHunter1.Policy.Entropy.mean": {
            "value": 1.8393442630767822,
            "min": 1.8393442630767822,
            "max": 2.102067470550537,
            "count": 4
        },
        "MonsterHunter1.Policy.Entropy.sum": {
            "value": 92007.6796875,
            "min": 92007.6796875,
            "max": 105603.6640625,
            "count": 4
        },
        "MonsterHunter1.Step.mean": {
            "value": 199990.0,
            "min": 49993.0,
            "max": 199990.0,
            "count": 4
        },
        "MonsterHunter1.Step.sum": {
            "value": 199990.0,
            "min": 49993.0,
            "max": 199990.0,
            "count": 4
        },
        "MonsterHunter1.Policy.ExtrinsicValueEstimate.mean": {
            "value": -1.4914573431015015,
            "min": -2.3101580142974854,
            "max": -1.0774586200714111,
            "count": 4
        },
        "MonsterHunter1.Policy.ExtrinsicValueEstimate.sum": {
            "value": -1293.093505859375,
            "min": -2014.457763671875,
            "max": -948.16357421875,
            "count": 4
        },
        "MonsterHunter1.Environment.EpisodeLength.mean": {
            "value": 286.8636363636364,
            "min": 247.89847715736042,
            "max": 287.73837209302326,
            "count": 4
        },
        "MonsterHunter1.Environment.EpisodeLength.sum": {
            "value": 50488.0,
            "min": 48836.0,
            "max": 50488.0,
            "count": 4
        },
        "MonsterHunter1.Environment.CumulativeReward.mean": {
            "value": -27.056818181818183,
            "min": -56.431472081218274,
            "max": -27.056818181818183,
            "count": 4
        },
        "MonsterHunter1.Environment.CumulativeReward.sum": {
            "value": -4762.0,
            "min": -11117.0,
            "max": -4762.0,
            "count": 4
        },
        "MonsterHunter1.Policy.ExtrinsicReward.mean": {
            "value": -27.056818181818183,
            "min": -56.431472081218274,
            "max": -27.056818181818183,
            "count": 4
        },
        "MonsterHunter1.Policy.ExtrinsicReward.sum": {
            "value": -4762.0,
            "min": -11117.0,
            "max": -4762.0,
            "count": 4
        },
        "MonsterHunter1.Losses.PolicyLoss.mean": {
            "value": 0.017315300558887733,
            "min": 0.016223631612956525,
            "max": 0.0210927486697781,
            "count": 4
        },
        "MonsterHunter1.Losses.PolicyLoss.sum": {
            "value": 0.03463060111777547,
            "min": 0.03244726322591305,
            "max": 0.0632782460093343,
            "count": 4
        },
        "MonsterHunter1.Losses.ValueLoss.mean": {
            "value": 9.566732621192934,
            "min": 7.351750143369038,
            "max": 10.819302709897359,
            "count": 4
        },
        "MonsterHunter1.Losses.ValueLoss.sum": {
            "value": 19.133465242385867,
            "min": 14.703500286738077,
            "max": 25.09482165972392,
            "count": 4
        },
        "MonsterHunter1.Policy.LearningRate.mean": {
            "value": 0.00012384556743630002,
            "min": 0.00012384556743630002,
            "max": 0.00014538592807604998,
            "count": 4
        },
        "MonsterHunter1.Policy.LearningRate.sum": {
            "value": 0.00024769113487260004,
            "min": 0.00024769113487260004,
            "max": 0.0003946230369179999,
            "count": 4
        },
        "MonsterHunter1.Policy.Epsilon.mean": {
            "value": 0.18256370000000005,
            "min": 0.18256370000000005,
            "max": 0.19692395000000001,
            "count": 4
        },
        "MonsterHunter1.Policy.Epsilon.sum": {
            "value": 0.3651274000000001,
            "min": 0.3651274000000001,
            "max": 0.5630820000000001,
            "count": 4
        },
        "MonsterHunter1.Policy.Beta.mean": {
            "value": 0.00412992863,
            "min": 0.00412992863,
            "max": 0.004846505105,
            "count": 4
        },
        "MonsterHunter1.Policy.Beta.sum": {
            "value": 0.00825985726,
            "min": 0.00825985726,
            "max": 0.013157791799999999,
            "count": 4
        },
        "MonsterHunter1.IsTraining.mean": {
            "value": 1.0,
            "min": 1.0,
            "max": 1.0,
            "count": 4
        },
        "MonsterHunter1.IsTraining.sum": {
            "value": 1.0,
            "min": 1.0,
            "max": 1.0,
            "count": 4
        }
    },
    "metadata": {
        "timer_format_version": "0.1.0",
        "start_time_seconds": "1713839277",
        "python_version": "3.9.0 (tags/v3.9.0:9cf6752, Oct  5 2020, 15:34:40) [MSC v.1927 64 bit (AMD64)]",
        "command_line_arguments": "E:\\UnityProject\\MachineLearning\\virutal_env\\Scripts\\mlagents-learn config\\MonsterHunter1.yaml --run-id test999",
        "mlagents_version": "0.30.0",
        "mlagents_envs_version": "0.30.0",
        "communication_protocol_version": "1.5.0",
        "pytorch_version": "2.2.1+cu118",
        "numpy_version": "1.21.2",
        "end_time_seconds": "1713839751"
    },
    "total": 474.3605152,
    "count": 1,
    "self": 0.004795200000046407,
    "children": {
        "run_training.setup": {
            "total": 0.06700669999999986,
            "count": 1,
            "self": 0.06700669999999986
        },
        "TrainerController.start_learning": {
            "total": 474.2887133,
            "count": 1,
            "self": 0.645723099999941,
            "children": {
                "TrainerController._reset_env": {
                    "total": 9.9611711,
                    "count": 1,
                    "self": 9.9611711
                },
                "TrainerController.advance": {
                    "total": 463.4587824,
                    "count": 35878,
                    "self": 0.6179457000096704,
                    "children": {
                        "env_step": {
                            "total": 407.5283491999944,
                            "count": 35878,
                            "self": 287.05629619999803,
                            "children": {
                                "SubprocessEnvManager._take_step": {
                                    "total": 120.02216360000003,
                                    "count": 35878,
                                    "self": 2.0132826000034356,
                                    "children": {
                                        "TorchPolicy.evaluate": {
                                            "total": 118.00888099999659,
                                            "count": 35352,
                                            "self": 118.00888099999659
                                        }
                                    }
                                },
                                "workers": {
                                    "total": 0.4498893999963336,
                                    "count": 35877,
                                    "self": 0.0,
                                    "children": {
                                        "worker_root": {
                                            "total": 466.9687775999972,
                                            "count": 35877,
                                            "is_parallel": true,
                                            "self": 214.58460770000212,
                                            "children": {
                                                "steps_from_proto": {
                                                    "total": 0.003978599999999943,
                                                    "count": 1,
                                                    "is_parallel": true,