{
    "name": "root",
    "gauges": {
        "MonsterHunter1.Policy.Entropy.mean": {
            "value": 1.739037036895752,
            "min": 1.739037036895752,
            "max": 2.119009017944336,
            "count": 41
        },
        "MonsterHunter1.Policy.Entropy.sum": {
            "value": 20357.16796875,
            "min": 20072.06640625,
            "max": 27256.18359375,
            "count": 41
        },
        "MonsterHunter1.Environment.EpisodeLength.mean": {
            "value": 331.25,
            "min": 222.96296296296296,
            "max": 371.83870967741933,
            "count": 41
        },
        "MonsterHunter1.Environment.EpisodeLength.sum": {
            "value": 11925.0,
            "min": 11484.0,
            "max": 12471.0,
            "count": 41
        },
        "MonsterHunter1.Step.mean": {
            "value": 491844.0,
            "min": 11807.0,
            "max": 491844.0,
            "count": 41
        },
        "MonsterHunter1.Step.sum": {
            "value": 491844.0,
            "min": 11807.0,
            "max": 491844.0,
            "count": 41
        },
        "MonsterHunter1.Policy.ExtrinsicValueEstimate.mean": {
            "value": 19.686546325683594,
            "min": -11.759561538696289,
            "max": 22.05153465270996,
            "count": 41
        },
        "MonsterHunter1.Policy.ExtrinsicValueEstimate.sum": {
            "value": 708.7156982421875,
            "min": -470.3824768066406,
            "max": 737.7745971679688,
            "count": 41
        },
        "MonsterHunter1.Environment.CumulativeReward.mean": {
            "value": 57.833333333333336,
            "min": -54.609756097560975,
            "max": 109.93939393939394,
            "count": 41
        },
        "MonsterHunter1.Environment.CumulativeReward.sum": {
            "value": 2082.0,
            "min": -2823.0,
            "max": 3628.0,
            "count": 41
        },
        "MonsterHunter1.Policy.ExtrinsicReward.mean": {
            "value": 57.833333333333336,
            "min": -54.609756097560975,
            "max": 109.93939393939394,
            "count": 41
        },
        "MonsterHunter1.Policy.ExtrinsicReward.sum": {
            "value": 2082.0,
            "min": -2823.0,
            "max": 3628.0,
            "count": 41
        },
        "MonsterHunter1.IsTraining.mean": {
            "value": 1.0,
            "min": 1.0,
            "max": 1.0,
            "count": 41
        },
        "MonsterHunter1.IsTraining.sum": {
            "value": 1.0,
            "min": 1.0,
            "max": 1.0,
            "count": 41
        },
        "MonsterHunter1.Losses.PolicyLoss.mean": {
            "value": 0.09581485265802608,
            "min": 0.09337191914894753,
            "max": 0.10636183756607145,
            "count": 40
        },
        "MonsterHunter1.Losses.PolicyLoss.sum": {
            "value": 0.09581485265802608,
            "min": 0.09337191914894753,
            "max": 0.10636183756607145,
            "count": 40
        },
        "MonsterHunter1.Losses.ValueLoss.mean": {
            "value": 313.46868149606803,
            "min": 16.91333870684847,
            "max": 322.4211163520813,
            "count": 40
        },
        "MonsterHunter1.Losses.ValueLoss.sum": {
            "value": 313.46868149606803,
            "min": 16.91333870684847,
            "max": 322.4211163520813,
            "count": 40
        },
        "MonsterHunter1.Policy.LearningRate.mean": {
            "value": 7.2210975930000096e-06,
            "min": 7.2210975930000096e-06,
            "max": 0.00029274360241880005,
            "count": 40
        },
        "MonsterHunter1.Policy.LearningRate.sum": {
            "value": 7.2210975930000096e-06,
            "min": 7.2210975930000096e-06,
            "max": 0.00029274360241880005,
            "count": 40
        },
        "MonsterHunter1.Policy.Epsilon.mean": {
            "value": 0.10240700000000003,
            "min": 0.10240700000000003,
            "max": 0.19758120000000004,
            "count": 40
        },
        "MonsterHunter1.Policy.Epsilon.sum": {
            "value": 0.10240700000000003,
            "min": 0.10240700000000003,
            "max": 0.19758120000000004,
            "count": 40
        },
        "MonsterHunter1.Policy.Beta.mean": {
            "value": 3.382930000000003e-05,
            "min": 3.382930000000003e-05,
            "max": 0.0009760538799999999,
            "count": 40
        },
        "MonsterHunter1.Policy.Beta.sum": {
            "value": 3.382930000000003e-05,
            "min": 3.382930000000003e-05,
            "max": 0.0009760538799999999,
            "count": 40
        }
    },
    "metadata": {
        "timer_format_version": "0.1.0",
        "start_time_seconds": "1713543021",
        "python_version": "3.9.0 (tags/v3.9.0:9cf6752, Oct  5 2020, 15:34:40) [MSC v.1927 64 bit (AMD64)]",
        "command_line_arguments": "E:\\UnityProject\\MachineLearning\\virutal_env\\Scripts\\mlagents-learn config\\config.yaml --run-id MonsterHunter3Config",
        "mlagents_version": "0.30.0",
        "mlagents_envs_version": "0.30.0",
        "communication_protocol_version": "1.5.0",
        "pytorch_version": "2.2.1+cu118",
        "numpy_version": "1.21.2",
        "end_time_seconds": "1713544156"
    },
    "total": 1134.704759,
    "count": 1,
    "self": 0.008050600000160557,
    "children": {
        "run_training.setup": {
            "total": 0.10579040000000006,
            "count": 1,
            "self": 0.10579040000000006
        },
        "TrainerController.start_learning": {
            "total": 1134.5909179999999,
            "count": 1,
            "self": 1.3514262999956372,
            "children": {
                "TrainerController._reset_env": {
                    "total": 28.5032614,
                    "count": 1,
                    "self": 28.5032614
                },
                "TrainerController.advance": {
                    "total": 1104.6611050000045,
                    "count": 84526,
                    "self": 1.4172795999672871,
                    "children": {
                        "env_step": {
                            "total": 863.4745713000118,
                            "count": 84526,
                            "self": 589.0262023000033,
                            "children": {
                                "SubprocessEnvManager._take_step": {
                                    "total": 273.5212608000186,
                                    "count": 84526,
                                    "self": 4.10181130000359,
                                    "children": {
                                        "TorchPolicy.evaluate": {
                                            "total": 269.419449500015,
                                            "count": 83464,
                                            "self": 269.419449500015
                                        }
                                    }
                                },
                                "workers": {
                                    "total": 0.9271081999899309,
                                    "count": 84526,
                                    "self": 0.0,
                                    "children": {
                                        "worker_root": {
                                            "total": 1107.1359799999807,
                                            "count": 84526,
                                            "is_parallel": true,
                                            "self": 587.3458756999621,
                                            "children": {
                                                "steps_from_proto": {
                                                    "total": 0.0006948999999991656,
                                                    "count": 1,