{
    "name": "root",
    "gauges": {
        "MonsterHunter1.Policy.Entropy.mean": {
            "value": 1.4847503900527954,
            "min": 1.4802590608596802,
            "max": 2.0988776683807373,
            "count": 30
        },
        "MonsterHunter1.Policy.Entropy.sum": {
            "value": 74288.0,
            "min": 74049.9609375,
            "max": 105166.3671875,
            "count": 30
        },
        "MonsterHunter1.Step.mean": {
            "value": 1499960.0,
            "min": 49963.0,
            "max": 1499960.0,
            "count": 30
        },
        "MonsterHunter1.Step.sum": {
            "value": 1499960.0,
            "min": 49963.0,
            "max": 1499960.0,
            "count": 30
        },
        "MonsterHunter1.Policy.ExtrinsicValueEstimate.mean": {
            "value": 4.329094886779785,
            "min": -2.0461907386779785,
            "max": 4.329094886779785,
            "count": 30
        },
        "MonsterHunter1.Policy.ExtrinsicValueEstimate.sum": {
            "value": 3701.3759765625,
            "min": -1765.8626708984375,
            "max": 3701.3759765625,
            "count": 30
        },
        "MonsterHunter1.Environment.EpisodeLength.mean": {
            "value": 316.2356687898089,
            "min": 266.2554347826087,
            "max": 324.81045751633985,
            "count": 30
        },
        "MonsterHunter1.Environment.EpisodeLength.sum": {
            "value": 49649.0,
            "min": 48991.0,
            "max": 50731.0,
            "count": 30
        },
        "MonsterHunter1.Environment.CumulativeReward.mean": {
            "value": 137.09493670886076,
            "min": -56.47540983606557,
            "max": 137.09493670886076,
            "count": 30
        },
        "MonsterHunter1.Environment.CumulativeReward.sum": {
            "value": 21661.0,
            "min": -10335.0,
            "max": 21661.0,
            "count": 30
        },
        "MonsterHunter1.Policy.ExtrinsicReward.mean": {
            "value": 137.09493670886076,
            "min": -56.47540983606557,
            "max": 137.09493670886076,
            "count": 30
        },
        "MonsterHunter1.Policy.ExtrinsicReward.sum": {
            "value": 21661.0,
            "min": -10335.0,
            "max": 21661.0,
            "count": 30
        },
        "MonsterHunter1.Losses.PolicyLoss.mean": {
            "value": 0.016449723917887443,
            "min": 0.013693353530349365,
            "max": 0.01989379345092554,
            "count": 30
        },
        "MonsterHunter1.Losses.PolicyLoss.sum": {
            "value": 0.049349171753662324,
            "min": 0.02738670706069873,
            "max": 0.057152853364095785,
            "count": 30
        },
        "MonsterHunter1.Losses.ValueLoss.mean": {
            "value": 11.352980253431532,
            "min": 7.27481259504954,
            "max": 16.10613463719686,
            "count": 30
        },
        "MonsterHunter1.Losses.ValueLoss.sum": {
            "value": 34.0589407602946,
            "min": 14.54962519009908,
            "max": 45.19402996699016,
            "count": 30
        },
        "MonsterHunter1.Policy.LearningRate.mean": {
            "value": 2.332098445333334e-06,
            "min": 2.332098445333334e-06,
            "max": 0.00014692485205009995,
            "count": 30
        },
        "MonsterHunter1.Policy.LearningRate.sum": {
            "value": 6.996295336000002e-06,
            "min": 6.996295336000002e-06,
            "max": 0.0004130839246107332,
            "count": 30
        },
        "MonsterHunter1.Policy.Epsilon.mean": {
            "value": 0.10155466666666667,
            "min": 0.10155466666666667,
            "max": 0.19794990000000004,
            "count": 30
        },
        "MonsterHunter1.Policy.Epsilon.sum": {
            "value": 0.304664,
            "min": 0.20994500000000005,
            "max": 0.5753892666666668,
            "count": 30
        },
        "MonsterHunter1.Policy.Beta.mean": {
            "value": 8.757786666666667e-05,
            "min": 8.757786666666667e-05,
            "max": 0.0048977000100000005,
            "count": 30
        },
        "MonsterHunter1.Policy.Beta.sum": {
            "value": 0.0002627336,
            "min": 0.0002627336,
            "max": 0.013771924406666669,
            "count": 30
        },
        "MonsterHunter1.IsTraining.mean": {
            "value": 1.0,
            "min": 1.0,
            "max": 1.0,
            "count": 30
        },
        "MonsterHunter1.IsTraining.sum": {
            "value": 1.0,
            "min": 1.0,
            "max": 1.0,
            "count": 30
        }
    },
    "metadata": {
        "timer_format_version": "0.1.0",
        "start_time_seconds": "1713491849",
        "python_version": "3.9.0 (tags/v3.9.0:9cf6752, Oct  5 2020, 15:34:40) [MSC v.1927 64 bit (AMD64)]",
        "command_line_arguments": "E:\\UnityProject\\MachineLearning\\virutal_env\\Scripts\\mlagents-learn config\\MonsterHunter2.yaml --run-id MonsterHunterConfig22",
        "mlagents_version": "0.30.0",
        "mlagents_envs_version": "0.30.0",
        "communication_protocol_version": "1.5.0",
        "pytorch_version": "2.2.1+cu118",
        "numpy_version": "1.21.2",
        "end_time_seconds": "1713494644"
    },
    "total": 2792.4796892,
    "count": 1,
    "self": 0.013137399999777699,
    "children": {
        "run_training.setup": {
            "total": 0.08656459999999999,
            "count": 1,
            "self": 0.08656459999999999
        },
        "TrainerController.start_learning": {
            "total": 2792.3799872,
            "count": 1,
            "self": 4.047426799939785,
            "children": {
                "TrainerController._reset_env": {
                    "total": 32.9219559,
                    "count": 1,
                    "self": 32.9219559
                },
                "TrainerController.advance": {
                    "total": 2755.3009037000606,
                    "count": 253727,
                    "self": 4.0402451000941255,
                    "children": {
                        "env_step": {
                            "total": 2431.242104999991,
                            "count": 253727,
                            "self": 1700.6606307999846,
                            "children": {
                                "SubprocessEnvManager._take_step": {
                                    "total": 728.0005897999963,
                                    "count": 253727,
                                    "self": 11.478325400023436,
                                    "children": {
                                        "TorchPolicy.evaluate": {
                                            "total": 716.5222643999729,
                                            "count": 250033,
                                            "self": 716.5222643999729
                                        }
                                    }
                                },
                                "workers": {
                                    "total": 2.5808844000104187,
                                    "count": 253727,
                                    "self": 0.0,
                                    "children": {
                                        "worker_root": {
                                            "total": 2757.9840974001067,
                                            "count": 253727,
                                            "is_parallel": true,
                                            "self": 1250.23818330012,
                                            "children": {
                                                "steps_from_proto": {
                                                    "total": 0.004613100000000259,
                                                    "count": 1,